{
    "loss": 0.5850993394851685,
    "accuracy": 0.9482758641242981
}